filename,width,height,seq_from_top,seq_from_bottom,width_prv,height_prv,width_nxt,height_nxt,text,type
2012ccf11ce565a8e1877fdc8eb9c9d7--sample-business-proposal-proposal-sample_slice1.jpg,0.4379310344827586,0.030338389731621937,1.0,10.0,0.0,0.0,0.25689655172413794,0.022170361726954493,sample proposal letter,
2012ccf11ce565a8e1877fdc8eb9c9d7--sample-business-proposal-proposal-sample_slice2.jpg,0.25689655172413794,0.022170361726954493,2.0,9.0,0.4379310344827586,0.030338389731621937,0.14655172413793102,0.021003500583430573,(on you gow tertcad,
2012ccf11ce565a8e1877fdc8eb9c9d7--sample-business-proposal-proposal-sample_slice3.jpg,0.14655172413793102,0.021003500583430573,3.0,8.0,0.25689655172413794,0.022170361726954493,0.15862068965517243,0.07817969661610269,"march 0, 2008",
2012ccf11ce565a8e1877fdc8eb9c9d7--sample-business-proposal-proposal-sample_slice4.jpg,0.15862068965517243,0.07817969661610269,4.0,7.0,0.14655172413793102,0.021003500583430573,0.15862068965517243,0.021003500583430573,ns. jane beiey june's paza  12 man steet broms. ny 10055,
2012ccf11ce565a8e1877fdc8eb9c9d7--sample-business-proposal-proposal-sample_slice5.jpg,0.15862068965517243,0.021003500583430573,5.0,6.0,0.15862068965517243,0.07817969661610269,0.9603448275862069,0.15985997666277713,dear ms. paley,
2012ccf11ce565a8e1877fdc8eb9c9d7--sample-business-proposal-proposal-sample_slice6.jpg,0.9603448275862069,0.15985997666277713,6.0,5.0,0.15862068965517243,0.021003500583430573,0.9706896551724138,0.15869311551925322,"iam pleased to mile jane's pazn's to become th exchsive ood provider orthe st. jams fanily day gioan-p, scheduled fo saturday june 17 in st. james parc  the event wil un rom 10:00am to 200pm, and we expect orer 200 fones fom al ove ou nelgitorhoad to be thereto lean up the par, lant babs, and pabt benches, bostatalland handbal cost ines, the event wil iso ncude a neighborhood batborue, face paining, puppet shows, ard a preseniaion by brow counstmemiber anthony marine. we expect the evento caw over 00 peopl i  a notto menton passorsty on jerome avenue.",
2012ccf11ce565a8e1877fdc8eb9c9d7--sample-business-proposal-proposal-sample_slice7.jpg,0.9706896551724138,0.15869311551925322,7.0,4.0,0.9603448275862069,0.15985997666277713,0.09310344827586207,0.019836639439906652,"we wilecoqnice your suppor on our promotonel yers our even program, and sign e wil have up on th day ofthe event councimenber marine and john sth wil aso recognize yo nthe remarks to te assembled neighbors. 1 thin vil be a good way to raise your nome recogrin in he nightortond  ihope you willbe ale to bea part ofthis eft improve one ofour neighborhoods most valuable asses iok forwart to answering ay questons you may have  in he meantime, best ot lack wil your business. ook fawond to pecking wil you n te coming days.",
2012ccf11ce565a8e1877fdc8eb9c9d7--sample-business-proposal-proposal-sample_slice8.jpg,0.09310344827586207,0.019836639439906652,8.0,3.0,0.9706896551724138,0.15869311551925322,0.23793103448275862,0.059509918319719954,"srce,",
2012ccf11ce565a8e1877fdc8eb9c9d7--sample-business-proposal-proposal-sample_slice9.jpg,0.23793103448275862,0.059509918319719954,9.0,2.0,0.09310344827586207,0.019836639439906652,0.8689655172413793,0.022170361726954493,nat laver féends of t. james park rigsss 212,
2012ccf11ce565a8e1877fdc8eb9c9d7--sample-business-proposal-proposal-sample_slice10.jpg,0.8689655172413793,0.022170361726954493,10.0,1.0,0.23793103448275862,0.059509918319719954,0.0,0.0,ftc putrcsins o put techo sdlee progr som oy +212 80100,
33a558d26a987dd4a0976ad0c1d9ab02--cover-letter-example-cover-letters_slice1.jpg,0.8261682242990654,0.06235294117647059,1.0,17.0,0.0,0.0,0.9570093457943926,0.03882352941176471,sample cover letter  ior coule oo  dat smith,
33a558d26a987dd4a0976ad0c1d9ab02--cover-letter-example-cover-letters_slice2.jpg,0.9570093457943926,0.03882352941176471,2.0,16.0,0.8261682242990654,0.06235294117647059,0.21495327102803738,0.011764705882352941,1011 river oaks bhd. houston: texis 17019  home 71 s cela,
33a558d26a987dd4a0976ad0c1d9ab02--cover-letter-example-cover-letters_slice3.jpg,0.21495327102803738,0.011764705882352941,3.0,15.0,0.9570093457943926,0.03882352941176471,0.18317757009345795,0.009411764705882352,lawson,
33a558d26a987dd4a0976ad0c1d9ab02--cover-letter-example-cover-letters_slice4.jpg,0.18317757009345795,0.009411764705882352,4.0,14.0,0.21495327102803738,0.011764705882352941,0.37009345794392523,0.03764705882352941,pepita,
33a558d26a987dd4a0976ad0c1d9ab02--cover-letter-example-cover-letters_slice5.jpg,0.37009345794392523,0.03764705882352941,5.0,13.0,0.18317757009345795,0.009411764705882352,0.17943925233644858,0.009411764705882352,descior of primate resourch,
33a558d26a987dd4a0976ad0c1d9ab02--cover-letter-example-cover-letters_slice6.jpg,0.17943925233644858,0.009411764705882352,6.0,12.0,0.37009345794392523,0.03764705882352941,0.24299065420560748,0.012941176470588235,,
33a558d26a987dd4a0976ad0c1d9ab02--cover-letter-example-cover-letters_slice7.jpg,0.24299065420560748,0.012941176470588235,7.0,11.0,0.17943925233644858,0.009411764705882352,0.8878504672897196,0.021176470588235293,foam tain,
33a558d26a987dd4a0976ad0c1d9ab02--cover-letter-example-cover-letters_slice8.jpg,0.8878504672897196,0.021176470588235293,8.0,10.0,0.24299065420560748,0.012941176470588235,0.18878504672897195,0.009411764705882352,"n number 10577. maiketing inn, houston cironicle dred 11/1208",
33a558d26a987dd4a0976ad0c1d9ab02--cover-letter-example-cover-letters_slice9.jpg,0.18878504672897195,0.009411764705882352,9.0,9.0,0.8878504672897196,0.021176470588235293,0.9682242990654205,0.0976470588235294,,
33a558d26a987dd4a0976ad0c1d9ab02--cover-letter-example-cover-letters_slice10.jpg,0.9682242990654205,0.0976470588235294,10.0,8.0,0.18878504672897195,0.009411764705882352,0.9495327102803738,0.07647058823529412,"iam weiing in respone to your request that send a resume t youdcing our elton: conversation list teesday. please consider this resume as an application for your marketing intern positionreferenced above. insdiditon, spoke with your colleague. dr mork. and we talked about your position and he encouraged me to apply. you my recall thati reportad to dr. morky when we worked together at foley's departmint",
33a558d26a987dd4a0976ad0c1d9ab02--cover-letter-example-cover-letters_slice11.jpg,0.9495327102803738,0.07647058823529412,11.0,7.0,0.9682242990654205,0.0976470588235294,0.8504672897196262,0.02,"i am partialady attracted to your positon because t nve ves mmrketing a vared wroup of progrims all frcused onone very interesting topie-primate reserch. you ill wee more dit from the tached resume, bt highlights of my qulications for your mahar ihe vo soli facut -",
33a558d26a987dd4a0976ad0c1d9ab02--cover-letter-example-cover-letters_slice12.jpg,0.8504672897196262,0.02,12.0,6.0,0.9495327102803738,0.07647058823529412,0.874766355140187,0.03882352941176471,i a previous inesnetip whhextensive se of desk op publishine and database,
33a558d26a987dd4a0976ad0c1d9ab02--cover-letter-example-cover-letters_slice13.jpg,0.874766355140187,0.03882352941176471,13.0,5.0,0.8504672897196262,0.02,0.8074766355140187,0.04,i electonto provklet of the american marketing assocation. witha record of deforming te whe nt the nmn and b8,
33a558d26a987dd4a0976ad0c1d9ab02--cover-letter-example-cover-letters_slice14.jpg,0.8074766355140187,0.04,14.0,4.0,0.874766355140187,0.03882352941176471,0.8785046728971962,0.04,a completion of rels: semester hours of marketing clases in addnion o sien n eline maleate snd soa,
33a558d26a987dd4a0976ad0c1d9ab02--cover-letter-example-cover-letters_slice15.jpg,0.8785046728971962,0.04,15.0,3.0,0.8074766355140187,0.04,0.930841121495327,0.05647058823529412,i a 3.1 gpa while attending school fill inne intone service  ime und working par-,
33a558d26a987dd4a0976ad0c1d9ab02--cover-letter-example-cover-letters_slice16.jpg,0.930841121495327,0.05647058823529412,16.0,2.0,0.8785046728971962,0.04,0.491588785046729,0.023529411764705882,pease consider me for your marketing intern position. it would be a plesur t work wih both you ard dr. monkey as we markt your program.you reach me at the dinal tenner:,
33a558d26a987dd4a0976ad0c1d9ab02--cover-letter-example-cover-letters_slice17.jpg,0.491588785046729,0.023529411764705882,17.0,1.0,0.930841121495327,0.05647058823529412,0.0,0.0,ee reverse sipe for commtents,
affiliation-sample-letter_80-0_slice1.png,0.43564356435643564,0.047244094488188976,1.0,11.0,0.0,0.0,0.31683168316831684,0.02952755905511811,affiliation sample letter,
affiliation-sample-letter_80-0_slice2.png,0.31683168316831684,0.02952755905511811,2.0,10.0,0.43564356435643564,0.047244094488188976,0.19801980198019803,0.01968503937007874,anthony sales associates,
affiliation-sample-letter_80-0_slice3.png,0.19801980198019803,0.01968503937007874,3.0,9.0,0.31683168316831684,0.02952755905511811,0.19306930693069307,0.01968503937007874,,
affiliation-sample-letter_80-0_slice4.png,0.19306930693069307,0.01968503937007874,4.0,8.0,0.19801980198019803,0.01968503937007874,0.38613861386138615,0.03346456692913386,,
affiliation-sample-letter_80-0_slice5.png,0.38613861386138615,0.03346456692913386,5.0,7.0,0.19306930693069307,0.01968503937007874,0.9620462046204621,0.07480314960629922,dear anthony sales associates,
affiliation-sample-letter_80-0_slice6.png,0.9620462046204621,0.07480314960629922,6.0,6.0,0.38613861386138615,0.03346456692913386,0.8828382838283828,0.07480314960629922,we at diamond marketing are pleased that your company has decided to form a stratecic affifetion with us to grow our clobal sales force.,
affiliation-sample-letter_80-0_slice7.png,0.8828382838283828,0.07480314960629922,7.0,5.0,0.9620462046204621,0.07480314960629922,0.9702970297029703,0.14763779527559054,"by working together, we will be able to corner the photocopier market and maximize both companies profit while minimizing overhead costs.",
affiliation-sample-letter_80-0_slice8.png,0.9702970297029703,0.14763779527559054,8.0,4.0,0.8828382838283828,0.07480314960629922,0.8927392739273927,0.1062992125984252,"as per our previous agreement, diamond marketing will be responsible for recruting and training new sales people, while anthony sales associated will be responsible for setting up sales appointments and closing sales. both companies will ointly be responsible for order fullliment and customer service.",
affiliation-sample-letter_80-0_slice9.png,0.8927392739273927,0.1062992125984252,9.0,3.0,0.9702970297029703,0.14763779527559054,0.2079207920792079,0.023622047244094488,we truly hope that the relationship we have formed will be long lasting and prosperous for both parties. we truly believe that this is the beginning of somethina special,
affiliation-sample-letter_80-0_slice10.png,0.2079207920792079,0.023622047244094488,10.0,2.0,0.8927392739273927,0.1062992125984252,0.23597359735973597,0.025590551181102362,andes! regards:,
affiliation-sample-letter_80-0_slice11.png,0.23597359735973597,0.025590551181102362,11.0,1.0,0.2079207920792079,0.023622047244094488,0.0,0.0,,
Anna Thi Pan-Resume_slice1.jpg,0.138671875,0.012651821862348178,1.0,19.0,0.0,0.0,0.3626302083333333,0.01568825910931174,,
Anna Thi Pan-Resume_slice2.jpg,0.3626302083333333,0.01568825910931174,2.0,18.0,0.138671875,0.012651821862348178,0.3697916666666667,0.016194331983805668,987 lewis st. charlottesville va 22904,
Anna Thi Pan-Resume_slice3.jpg,0.3697916666666667,0.016194331983805668,3.0,17.0,0.3626302083333333,0.01568825910931174,0.1328125,0.01417004048582996,annapan@virginia.edu | 434-983-0000,
Anna Thi Pan-Resume_slice4.jpg,0.1328125,0.01417004048582996,4.0,16.0,0.3697916666666667,0.016194331983805668,0.3255208333333333,0.01417004048582996,"april 22, 2015",
Anna Thi Pan-Resume_slice5.jpg,0.3255208333333333,0.01417004048582996,5.0,15.0,0.1328125,0.01417004048582996,0.3606770833333333,0.01568825910931174,"remi monoco, executive assistant",
Anna Thi Pan-Resume_slice6.jpg,0.3606770833333333,0.01568825910931174,6.0,14.0,0.3255208333333333,0.01417004048582996,0.20182291666666666,0.013663967611336033,the metropolitan waterfront alliance,
Anna Thi Pan-Resume_slice7.jpg,0.20182291666666666,0.013663967611336033,7.0,13.0,0.3606770833333333,0.01568825910931174,0.19270833333333334,0.015182186234817813,45/ madison avenue,
Anna Thi Pan-Resume_slice8.jpg,0.19270833333333334,0.015182186234817813,8.0,12.0,0.20182291666666666,0.013663967611336033,0.17447916666666666,0.012651821862348178,"new york, ny 10022",
Anna Thi Pan-Resume_slice9.jpg,0.17447916666666666,0.012651821862348178,9.0,11.0,0.19270833333333334,0.015182186234817813,0.9720052083333334,0.14979757085020243,dear mr. monoco:,
Anna Thi Pan-Resume_slice10.jpg,0.9720052083333334,0.14979757085020243,10.0,10.0,0.17447916666666666,0.012651821862348178,0.4348958333333333,0.013663967611336033,"i am applying for the position of office associate with the metropolitan waterfront alliance  (mwa) based on the recommendation of a mutual friend, kim power. i will graduate in may  2016 from the university of virginia (u.va.) with a bachelor of urban and environmental planning, a bachelor of arts in french and a minor in architecture. | will be moving to new york city soon and see this position as the ideal opportunity to contribute the skills i have gained from my professional experience, academic studies, and diverse background. | share the belief with mwa that waterfront areas should be accessible for all, and | am strongly motivated to make the new york and new jersey",
Anna Thi Pan-Resume_slice11.jpg,0.4348958333333333,0.013663967611336033,11.0,9.0,0.9720052083333334,0.14979757085020243,0.9889322916666666,0.10475708502024292,"shores a pleasant place to live, work and play.",
Anna Thi Pan-Resume_slice12.jpg,0.9889322916666666,0.10475708502024292,12.0,8.0,0.4348958333333333,0.013663967611336033,0.9811197916666666,0.1492914979757085,"my organizational and communication skills are well demonstrated in my work experiences in non- profit, corporate and student organization settings. currently, | intern with piedmont council of the arts which shares similar responsibilities to the position at mwa. during my internship, | provide administrative support, focusing on maintaining a contact database of local artists, creating a new filing system for the council and constructing e-mail campaigns. | have also interned at kpmg audit form, a",
Anna Thi Pan-Resume_slice13.jpg,0.9811197916666666,0.1492914979757085,13.0,7.0,0.9889322916666666,0.10475708502024292,0.5533854166666666,0.01417004048582996,"corporate environment where attention to detail was essential when managing client files and proofreading financial statements. in addition, | handled event logistics and publicized events when i served as publicity chair of the taiwanese student association at u.va. i have acquired a sophisticated understanding of urban affairs through my studies. my coursework included site assessment and data collection, application of planning regulations, and the development of recommendations in order to create neighborhood master plan and transportation plan. originally from taiwan, my residence in germany, france and the united states, as well as my extensive travel experience have fostered",
Anna Thi Pan-Resume_slice14.jpg,0.5533854166666666,0.01417004048582996,14.0,6.0,0.9811197916666666,0.1492914979757085,0.9680989583333334,0.038461538461538464,an ease in working with people from diverse backgrounds.,
Anna Thi Pan-Resume_slice15.jpg,0.9680989583333334,0.038461538461538464,15.0,5.0,0.5533854166666666,0.01417004048582996,0.4733072916666667,0.013663967611336033,kim power is sending you a letter in regards to my qualifications and 1 look forward to discussing my candidacy for this position with you as well. thank you for your time and thoughtful,
Anna Thi Pan-Resume_slice16.jpg,0.4733072916666667,0.013663967611336033,16.0,4.0,0.9680989583333334,0.038461538461538464,0.12109375,0.012145748987854251,consideration. i hope to hear back trom you soon.,
Anna Thi Pan-Resume_slice17.jpg,0.12109375,0.012145748987854251,17.0,3.0,0.4733072916666667,0.013663967611336033,0.138671875,0.012651821862348178,"respectfully,",
Anna Thi Pan-Resume_slice18.jpg,0.138671875,0.012651821862348178,18.0,2.0,0.12109375,0.012145748987854251,0.17513020833333334,0.012651821862348178,,
Anna Thi Pan-Resume_slice19.jpg,0.17513020833333334,0.012651821862348178,19.0,1.0,0.138671875,0.012651821862348178,0.0,0.0,enclosure: resume,
Character-Reference-Sample-Letter-Template-Free-Download_slice1.jpg,0.11491935483870967,0.026565464895635674,1.0,12.0,0.0,0.0,0.3790322580645161,0.06451612903225806,,
Character-Reference-Sample-Letter-Template-Free-Download_slice2.jpg,0.3790322580645161,0.06451612903225806,2.0,11.0,0.11491935483870967,0.026565464895635674,0.07661290322580645,0.020872865275142316,vee prei to sas and matern ge not aa,
Character-Reference-Sample-Letter-Template-Free-Download_slice3.jpg,0.07661290322580645,0.020872865275142316,3.0,10.0,0.3790322580645161,0.06451612903225806,0.21975806451612903,0.030360531309297913,,
Character-Reference-Sample-Letter-Template-Free-Download_slice4.jpg,0.21975806451612903,0.030360531309297913,4.0,9.0,0.07661290322580645,0.020872865275142316,0.2439516129032258,0.030360531309297913,20 senenber 200,
Character-Reference-Sample-Letter-Template-Free-Download_slice5.jpg,0.2439516129032258,0.030360531309297913,5.0,8.0,0.21975806451612903,0.030360531309297913,0.9637096774193549,0.06641366223908918,towon t may encem,
Character-Reference-Sample-Letter-Template-Free-Download_slice6.jpg,0.9637096774193549,0.06641366223908918,6.0,7.0,0.2439516129032258,0.030360531309297913,0.9657258064516129,0.17077798861480076,is w aren esir ouly recommend e seit whe have metand own arte past fa your te se tine as h wat nor conouny as sles an,
Character-Reference-Sample-Letter-Template-Free-Download_slice7.jpg,0.9657258064516129,0.17077798861480076,7.0,6.0,0.9637096774193549,0.06641366223908918,0.9657258064516129,0.10056925996204934,"me sou isa vay eiusest, anda hrd wernaperan betas he onn hs katy tat verviess, and honesy to qu an rom t man wie he ven wring in ou consan. a vay consary tid to nordessinl intern yin to nce essen informaton fom him he di reget thr oter haveve he bought the nas t te serene mine sic one ale i e an tmetie",
Character-Reference-Sample-Letter-Template-Free-Download_slice8.jpg,0.9657258064516129,0.10056925996204934,8.0,5.0,0.9657258064516129,0.17077798861480076,0.9657258064516129,0.06641366223908918,h cheat and beady mur and peive has eared hs spell ace anong hs oue and has been anand am th most friendy pea o hi for yeas of ay n your formal ad,
Character-Reference-Sample-Letter-Template-Free-Download_slice9.jpg,0.9657258064516129,0.06641366223908918,9.0,4.0,0.9657258064516129,0.10056925996204934,0.06048387096774194,0.015180265654648957,h and ed naize cane out ina vey ncoich o oke in sume kid o commin sev whichis creted. ths i wah re rde and eur i econnend he raon,
Character-Reference-Sample-Letter-Template-Free-Download_slice10.jpg,0.06048387096774194,0.015180265654648957,10.0,3.0,0.9657258064516129,0.06641366223908918,0.15725806451612903,0.028462998102466792,,
Character-Reference-Sample-Letter-Template-Free-Download_slice11.jpg,0.15725806451612903,0.028462998102466792,11.0,2.0,0.06048387096774194,0.015180265654648957,0.11088709677419355,0.022770398481973434,swales,
Character-Reference-Sample-Letter-Template-Free-Download_slice12.jpg,0.11088709677419355,0.022770398481973434,12.0,1.0,0.15725806451612903,0.028462998102466792,0.0,0.0,methew,
College-Recommendation-Letter-Sample_slice1.jpeg,0.3479212253829322,0.023504273504273504,1.0,16.0,0.0,0.0,0.9562363238512035,0.03632478632478633,,
College-Recommendation-Letter-Sample_slice2.jpeg,0.9562363238512035,0.03632478632478633,2.0,15.0,0.3479212253829322,0.023504273504273504,0.9584245076586433,0.07051282051282051,"i am pleased to recommend anita school, who has been a student",
College-Recommendation-Letter-Sample_slice3.jpeg,0.9584245076586433,0.07051282051282051,3.0,14.0,0.9562363238512035,0.03632478632478633,0.9562363238512035,0.03632478632478633,"in my math class for the past three years. during that time, i have cam in eom her ws a shows steven and a rote migh tor bar",
College-Recommendation-Letter-Sample_slice4.jpeg,0.9562363238512035,0.03632478632478633,4.0,13.0,0.9584245076586433,0.07051282051282051,0.9518599562363238,0.03632478632478633,anita is a rare type of stident who combines exceptional natural,
College-Recommendation-Letter-Sample_slice5.jpeg,0.9518599562363238,0.03632478632478633,5.0,12.0,0.9562363238512035,0.03632478632478633,0.9540481400437637,0.07051282051282051,ability with a wilinaness and eacemess to leam. anta is able to,
College-Recommendation-Letter-Sample_slice6.jpeg,0.9540481400437637,0.07051282051282051,6.0,11.0,0.9518599562363238,0.03632478632478633,0.9540481400437637,0.03632478632478633,"help her peers with dificult mathematical concepts, but does so in a san than is foth br r ion man. conan cance. altanch alu i",
College-Recommendation-Letter-Sample_slice7.jpeg,0.9540481400437637,0.03632478632478633,7.0,10.0,0.9540481400437637,0.07051282051282051,0.9540481400437637,0.03632478632478633,avare of her natural ability in the area of mathematics. anita is,
College-Recommendation-Letter-Sample_slice8.jpeg,0.9540481400437637,0.03632478632478633,8.0,9.0,0.9540481400437637,0.03632478632478633,0.9562363238512035,0.03632478632478633,constantly challencing herself she is part of the school's mathletics,
College-Recommendation-Letter-Sample_slice9.jpeg,0.9562363238512035,0.03632478632478633,9.0,8.0,0.9540481400437637,0.03632478632478633,0.9562363238512035,0.03632478632478633,"team, which - challenges: local - students in",
College-Recommendation-Letter-Sample_slice10.jpeg,0.9562363238512035,0.03632478632478633,10.0,7.0,0.9562363238512035,0.03632478632478633,0.9562363238512035,0.03632478632478633,mathematical competitions. she is also active in the community af,
College-Recommendation-Letter-Sample_slice11.jpeg,0.9562363238512035,0.03632478632478633,11.0,6.0,0.9562363238512035,0.03632478632478633,0.7724288840262582,0.03418803418803419,the school by beina a member of greenpeace. and a cheerleader,
College-Recommendation-Letter-Sample_slice12.jpeg,0.7724288840262582,0.03418803418803419,12.0,5.0,0.9562363238512035,0.03632478632478633,0.9562363238512035,0.03632478632478633,while alo playing deferse on our school's soccer team,
College-Recommendation-Letter-Sample_slice13.jpeg,0.9562363238512035,0.03632478632478633,13.0,4.0,0.7724288840262582,0.03418803418803419,0.9540481400437637,0.03632478632478633,anita would make an excellent candidate for early admissions.,
College-Recommendation-Letter-Sample_slice14.jpeg,0.9540481400437637,0.03632478632478633,14.0,3.0,0.9562363238512035,0.03632478632478633,0.424507658643326,0.02564102564102564,recommend her without hesitation. should you have any avestions.,
College-Recommendation-Letter-Sample_slice15.jpeg,0.424507658643326,0.02564102564102564,15.0,2.0,0.9540481400437637,0.03632478632478633,0.29540481400437635,0.021367521367521368,please tee! tree to contact me.,
College-Recommendation-Letter-Sample_slice16.jpeg,0.29540481400437635,0.021367521367521368,16.0,1.0,0.424507658643326,0.02564102564102564,0.0,0.0,est d warten,
Example-Restaurant-Complaint-Letter_slice1.jpg,0.019230769230769232,0.009523809523809525,1.0,10.0,0.0,0.0,0.11363636363636363,0.03238095238095238,,
Example-Restaurant-Complaint-Letter_slice2.jpg,0.11363636363636363,0.03238095238095238,2.0,9.0,0.019230769230769232,0.009523809523809525,0.14335664335664336,0.03238095238095238,,
Example-Restaurant-Complaint-Letter_slice3.jpg,0.14335664335664336,0.03238095238095238,3.0,8.0,0.11363636363636363,0.03238095238095238,0.1555944055944056,0.03238095238095238,,
Example-Restaurant-Complaint-Letter_slice4.jpg,0.1555944055944056,0.03238095238095238,4.0,7.0,0.14335664335664336,0.03238095238095238,0.07867132867132867,0.030476190476190476,savon,
Example-Restaurant-Complaint-Letter_slice5.jpg,0.07867132867132867,0.030476190476190476,5.0,6.0,0.1555944055944056,0.03238095238095238,0.1958041958041958,0.09333333333333334,,
Example-Restaurant-Complaint-Letter_slice6.jpg,0.1958041958041958,0.09333333333333334,6.0,5.0,0.07867132867132867,0.030476190476190476,0.9702797202797203,0.21333333333333335,"1"" wa ane  ret t ando foot",
Example-Restaurant-Complaint-Letter_slice7.jpg,0.9702797202797203,0.21333333333333335,7.0,4.0,0.1958041958041958,0.09333333333333334,0.9458041958041958,0.2019047619047619,tra h jan  iv hr tay tye stn resaranon 02min ccie ny sai tin untrnnac; e s- sordan rc uly in you esuucore may pers  th dime tatt a voy stating ny wen we ver coved sore isles kein ad wictwor passt dts smet corm cup th saris e chee wit l eact ne hd specfea regen oa tee,
Example-Restaurant-Complaint-Letter_slice8.jpg,0.9458041958041958,0.2019047619047619,8.0,3.0,0.9702797202797203,0.21333333333333335,0.10839160839160839,0.030476190476190476,the ha cori itatermady but teactine a orden an amonse f vegrerin s wet as ronvegrurin pres ant bey somed i aie e sare  th at edeanin eaere mst wet narreed sevice ta oven ante tert ever sic yon wate preity reardo surer corions  fe yu aint hae ne ram slp seven,
Example-Restaurant-Complaint-Letter_slice9.jpg,0.10839160839160839,0.030476190476190476,9.0,2.0,0.9458041958041958,0.2019047619047619,0.09615384615384616,0.030476190476190476,,
Example-Restaurant-Complaint-Letter_slice10.jpg,0.09615384615384616,0.030476190476190476,10.0,1.0,0.10839160839160839,0.030476190476190476,0.0,0.0,,
Free-Sample-Business-Complaint-Letter_slice1.jpg,0.1673728813559322,0.01773049645390071,1.0,14.0,0.0,0.0,0.21610169491525424,0.02127659574468085,it lim,
Free-Sample-Business-Complaint-Letter_slice2.jpg,0.21610169491525424,0.02127659574468085,2.0,13.0,0.1673728813559322,0.01773049645390071,0.1885593220338983,0.01950354609929078,huni tea yoite,
Free-Sample-Business-Complaint-Letter_slice3.jpg,0.1885593220338983,0.01950354609929078,3.0,12.0,0.21610169491525424,0.02127659574468085,0.3177966101694915,0.024822695035460994,,
Free-Sample-Business-Complaint-Letter_slice4.jpg,0.3177966101694915,0.024822695035460994,4.0,11.0,0.1885593220338983,0.01950354609929078,0.1843220338983051,0.02127659574468085,commer,
Free-Sample-Business-Complaint-Letter_slice5.jpg,0.1843220338983051,0.02127659574468085,5.0,10.0,0.3177966101694915,0.024822695035460994,0.15889830508474576,0.01773049645390071,anwiminan,
Free-Sample-Business-Complaint-Letter_slice6.jpg,0.15889830508474576,0.01773049645390071,6.0,9.0,0.1843220338983051,0.02127659574468085,0.16101694915254236,0.01950354609929078,,
Free-Sample-Business-Complaint-Letter_slice7.jpg,0.16101694915254236,0.01950354609929078,7.0,8.0,0.15889830508474576,0.01773049645390071,0.1271186440677966,0.014184397163120567,,
Free-Sample-Business-Complaint-Letter_slice8.jpg,0.1271186440677966,0.014184397163120567,8.0,7.0,0.16101694915254236,0.01950354609929078,0.2648305084745763,0.024822695035460994,,
Free-Sample-Business-Complaint-Letter_slice9.jpg,0.2648305084745763,0.024822695035460994,9.0,6.0,0.1271186440677966,0.014184397163120567,0.13983050847457626,0.015957446808510637,dake teas tour ai,
Free-Sample-Business-Complaint-Letter_slice10.jpg,0.13983050847457626,0.015957446808510637,10.0,5.0,0.2648305084745763,0.024822695035460994,0.9639830508474576,0.1595744680851064,,
Free-Sample-Business-Complaint-Letter_slice11.jpg,0.9639830508474576,0.1595744680851064,11.0,4.0,0.13983050847457626,0.015957446808510637,0.9449152542372882,0.1595744680851064,"yoveoneenia a rond t fa hom anta, team to deva, mion i nade on decente 102950 tavel demands hve nade me a com sen pate o anerean rhe pas si yews nat time, seven on our ines h ays hon good to xceten buzan eeerunto n seee onthe aa entand above tas m reques ora 50 perce redaction on ny neste",
Free-Sample-Business-Complaint-Letter_slice12.jpg,0.9449152542372882,0.1595744680851064,12.0,3.0,0.9639830508474576,0.1595744680851064,0.1483050847457627,0.01773049645390071,"here m wnt haopenad on decender10 'e ctu lanes inn the o alsen, was format at ur api wt b deyn afor m ours dei. we booted ge we had jst inordeto metu cheap comeeton in onles mertakeat fom ofw os pie casiny normed us have stout be imoressedy e ac ac te onies fo ohn n on some ""rican fn mi avian fome",
Free-Sample-Business-Complaint-Letter_slice13.jpg,0.1483050847457627,0.01773049645390071,13.0,2.0,0.9449152542372882,0.1595744680851064,0.9385593220338984,0.12943262411347517,,
Free-Sample-Business-Complaint-Letter_slice14.jpg,0.9385593220338984,0.12943262411347517,14.0,1.0,0.1483050847457627,0.01773049645390071,0.0,0.0,ibeleve tats r eirng wos dne pares o aa and vs i no vay renia recessay asa yapan t anecan altre. at eas und pont nave emy tate cornensai| ators vit be rovded comte n np stu dalrin omit me onment,
letter-of-attestation-of-training-sample_93-0_slice1.png,0.7152428810720268,0.08787878787878788,1.0,6.0,0.0,0.0,0.17420435510887772,0.05454545454545454,letter of attestation of training sample,
letter-of-attestation-of-training-sample_93-0_slice2.png,0.17420435510887772,0.05454545454545454,2.0,5.0,0.7152428810720268,0.08787878787878788,0.20938023450586266,0.05454545454545454,"july 5th, 2008",
letter-of-attestation-of-training-sample_93-0_slice3.png,0.20938023450586266,0.05454545454545454,3.0,4.0,0.17420435510887772,0.05454545454545454,0.9715242881072027,0.28484848484848485,dear wiliam hil,
letter-of-attestation-of-training-sample_93-0_slice4.png,0.9715242881072027,0.28484848484848485,4.0,3.0,0.20938023450586266,0.05454545454545454,0.12060301507537688,0.04242424242424243,"i hereby attest that | have completed all the necessary courses to become a certified financial advisor. | have a valid series 7, as well as an investment license, which are the requirements in the state of new york to advice clients on financial matters. i declare that the above statement is true and accurate to the best of my knowledge.",
letter-of-attestation-of-training-sample_93-0_slice5.png,0.12060301507537688,0.04242424242424243,5.0,2.0,0.9715242881072027,0.28484848484848485,0.12060301507537688,0.045454545454545456,sincerely,
letter-of-attestation-of-training-sample_93-0_slice6.png,0.12060301507537688,0.045454545454545456,6.0,1.0,0.12060301507537688,0.04242424242424243,0.0,0.0,signature,
letter-of-direction-sample_185-0_slice1.png,0.4782608695652174,0.05702647657841141,1.0,7.0,0.0,0.0,0.2525083612040134,0.03665987780040733,letter of direction sample,
letter-of-direction-sample_185-0_slice2.png,0.2525083612040134,0.03665987780040733,2.0,6.0,0.4782608695652174,0.05702647657841141,0.3110367892976589,0.07739307535641547,ralph l. greenwood,
letter-of-direction-sample_185-0_slice3.png,0.3110367892976589,0.07739307535641547,3.0,5.0,0.2525083612040134,0.03665987780040733,0.14715719063545152,0.034623217922606926,1785 franklin avenue corpus christ tx 78412,
letter-of-direction-sample_185-0_slice4.png,0.14715719063545152,0.034623217922606926,4.0,4.0,0.3110367892976589,0.07739307535641547,0.9364548494983278,0.11812627291242363,dear ralph,
letter-of-direction-sample_185-0_slice5.png,0.9364548494983278,0.11812627291242363,5.0,3.0,0.14715719063545152,0.034623217922606926,0.9715719063545151,0.15682281059063136,"i hereby transfer the right of power to trade over trading account #456343 at prudential financial to james cricker, beginning on december 4th, 2009 and commencing december 4th, 2010.",
letter-of-direction-sample_185-0_slice6.png,0.9715719063545151,0.15682281059063136,6.0,2.0,0.9364548494983278,0.11812627291242363,0.8695652173913043,0.07942973523421588,"with this agreement, james cricker is permitted to trade up to $100,000 of the contents of account #456349 an the open market. he is not permitted to make any drawings, or take any management fees until he turns a profi of at least 5% on the whole amount",
letter-of-direction-sample_185-0_slice7.png,0.8695652173913043,0.07942973523421588,7.0,1.0,0.9715719063545151,0.15682281059063136,0.0,0.0,"if james cricker violates these terms, he will be subject to the penalties negotiated in contract #156454, his personal services contract.",
letter-of-donation-to-business-sample_195-4_slice1.png,0.9714285714285714,0.29791271347248577,1.0,5.0,0.0,0.0,0.9697478991596639,0.11195445920303605,"letter of donation to business sample  dear sir or madam,  i am writing on behalf of hoffmeister children's charity, that raises money for child medical bils. each year we hold a number of fun family fundraising events in the local community, such as a soccer tournament, bbq cookout and talent contests.",
letter-of-donation-to-business-sample_195-4_slice2.png,0.9697478991596639,0.11195445920303605,2.0,4.0,0.9714285714285714,0.29791271347248577,0.9596638655462185,0.11195445920303605,"i'd like to request that your business considers spansoring one of our upcoming talent contests. we get turnouts between 500 to 1000, and your details will be included on all leaflets and programs, and on a big banner above the stage.",
letter-of-donation-to-business-sample_195-4_slice3.png,0.9596638655462185,0.11195445920303605,3.0,3.0,0.9697478991596639,0.11195445920303605,0.8941176470588236,0.04364326375711575,"this is a great opportunity to promote your business and create goodwill within the community. all donations are also tax deductible, as we are a registered charity.",
letter-of-donation-to-business-sample_195-4_slice4.png,0.8941176470588236,0.04364326375711575,4.0,2.0,0.9596638655462185,0.11195445920303605,0.11260504201680673,0.03795066413662239,if this may be of interest to you please get back to me on (541) 480-6259,
letter-of-donation-to-business-sample_195-4_slice5.png,0.11260504201680673,0.03795066413662239,5.0,1.0,0.8941176470588236,0.04364326375711575,0.0,0.0,"regards,",
letter-of-interest-24_slice1.jpg,0.6328571428571429,0.056179775280898875,1.0,7.0,0.0,0.0,0.17857142857142858,0.03210272873194221,letter of job interest sample,
letter-of-interest-24_slice2.jpg,0.17857142857142858,0.03210272873194221,2.0,6.0,0.6328571428571429,0.056179775280898875,0.20142857142857143,0.06581059390048154,misuel j. brewer,
letter-of-interest-24_slice3.jpg,0.20142857142857143,0.06581059390048154,3.0,5.0,0.17857142857142858,0.03210272873194221,0.9571428571428572,0.16211878009630817,"3157 limer street augusta, ga 30901",
letter-of-interest-24_slice4.jpg,0.9571428571428572,0.16211878009630817,4.0,4.0,0.20142857142857143,0.06581059390048154,0.9742857142857143,0.2664526484751204,"dear mr. brewer.  it has recently come to my attention that jacqueline k. cornell will be vacating her current position at the end of the month, while it is sad to see her go, 1 am interested in filling the post he occupied.",
letter-of-interest-24_slice5.jpg,0.9742857142857143,0.2664526484751204,5.0,3.0,0.9571428571428572,0.16211878009630817,0.12142857142857143,0.030497592295345103,"i have been working for brewer retail for quite a while now, and 1 feel that 1 would be a perfect fi to move into his job and take over his responsibilities.  i know there must be many other people in this office that are inquiring about this position, but i truly feel that i an more qualified than any of them are.  when the time to choose his successor comes, would you please keep me in mind? there is nothing: i would love more than progress further up the ladder at b brewer retail",
letter-of-interest-24_slice6.jpg,0.12142857142857143,0.030497592295345103,6.0,2.0,0.9742857142857143,0.2664526484751204,0.23142857142857143,0.03210272873194221,,
letter-of-interest-24_slice7.jpg,0.23142857142857143,0.03210272873194221,7.0,1.0,0.12142857142857143,0.030497592295345103,0.0,0.0,lincoln a. alldredze,
letter-of-interest-26_slice1.jpg,0.4818181818181818,0.0319031903190319,1.0,8.0,0.0,0.0,0.15151515151515152,0.020902090209020903,sample letter of interest,
letter-of-interest-26_slice2.jpg,0.15151515151515152,0.020902090209020903,2.0,7.0,0.4818181818181818,0.0319031903190319,0.39545454545454545,0.0638063806380638,june 29. 2006,
letter-of-interest-26_slice3.jpg,0.39545454545454545,0.0638063806380638,3.0,6.0,0.15151515151515152,0.020902090209020903,0.2015151515151515,0.020902090209020903,"oklahoma acronauties commission 3700 north claussen blvd., suite 240 oklahoma city, ok 73118",
letter-of-interest-26_slice4.jpg,0.2015151515151515,0.020902090209020903,4.0,5.0,0.39545454545454545,0.0638063806380638,0.9742424242424242,0.297029702970297,dear commission:,
letter-of-interest-26_slice5.jpg,0.9742424242424242,0.297029702970297,5.0,4.0,0.2015151515151515,0.020902090209020903,0.9651515151515152,0.10231023102310231,"the city of submits this letter af interest to the oklahoma acranautics commission and requests that the projects listed below be considered for inclusion in the airport's development worksheet. an overall development objective (odo) data-sheet is attached for each project listed.  the following projects are listed in priority order:  1. reconstruct. mark and stripe rw 17-35, $450,000, fy. 2005, fy 2006, and fy 2007. npe carried over for 3 years (replace with required project at your airport)  2. replace low intensity ramay fights with median intensity runway. lights,  $125,000, ¥2008. npe finds(replace with required project at your airport)  replace rotating beacon and tower, $25,000, fy-2009. npe finds(replace with  required project at your airport)             to",
letter-of-interest-26_slice6.jpg,0.9651515151515152,0.10231023102310231,6.0,3.0,0.9742424242424242,0.297029702970297,0.4121212121212121,0.05500550055005501,"please contact (city representative) at (enter phone number and/or email address) with  any questions,              shaadi:",
letter-of-interest-26_slice7.jpg,0.4121212121212121,0.05500550055005501,7.0,2.0,0.9651515151515152,0.10231023102310231,0.35,0.0231023102310231,"authorized representative (mion, cls",
letter-of-interest-26_slice8.jpg,0.35,0.0231023102310231,8.0,1.0,0.4121212121212121,0.05500550055005501,0.0,0.0,,
Letter-of-Introduction-21_slice1.jpg,0.47010309278350515,0.02555366269165247,1.0,23.0,0.0,0.0,0.18556701030927836,0.008517887563884156,lerter of imtroducnon,
Letter-of-Introduction-21_slice2.jpg,0.18556701030927836,0.008517887563884156,2.0,22.0,0.47010309278350515,0.02555366269165247,0.25773195876288657,0.013628620102214651,,
Letter-of-Introduction-21_slice3.jpg,0.25773195876288657,0.013628620102214651,3.0,21.0,0.18556701030927836,0.008517887563884156,0.9608247422680413,0.028960817717206135,,
Letter-of-Introduction-21_slice4.jpg,0.9608247422680413,0.028960817717206135,4.0,20.0,0.25773195876288657,0.013628620102214651,0.9628865979381444,0.028960817717206135,alo: my name is john wins and i am a senior at cony high school in,
Letter-of-Introduction-21_slice5.jpg,0.9628865979381444,0.028960817717206135,5.0,19.0,0.9608247422680413,0.028960817717206135,0.9608247422680413,0.028960817717206135,aunusta. 1 also atterd the cantal area technical center in aucusta in the,
Letter-of-Introduction-21_slice6.jpg,0.9608247422680413,0.028960817717206135,6.0,18.0,0.9628865979381444,0.028960817717206135,0.9628865979381444,0.028960817717206135,computer technolog program. over the last few vears | have developed my,
Letter-of-Introduction-21_slice7.jpg,0.9628865979381444,0.028960817717206135,7.0,17.0,0.9608247422680413,0.028960817717206135,0.9608247422680413,0.028960817717206135,computer skil areal and look fomtard to pursuina my education and career,
Letter-of-Introduction-21_slice8.jpg,0.9608247422680413,0.028960817717206135,8.0,16.0,0.9628865979381444,0.028960817717206135,0.9628865979381444,0.028960817717206135,i the computer technoloay feld. a the capital area technical center i have,
Letter-of-Introduction-21_slice9.jpg,0.9628865979381444,0.028960817717206135,9.0,15.0,0.9608247422680413,0.028960817717206135,0.9608247422680413,0.028960817717206135,completed the pc repair and operativa systems course and passed the a,
Letter-of-Introduction-21_slice10.jpg,0.9608247422680413,0.028960817717206135,10.0,14.0,0.9628865979381444,0.028960817717206135,0.9628865979381444,0.028960817717206135,plus exam. also. | am curent entolled in the pc networking course. | have,
Letter-of-Introduction-21_slice11.jpg,0.9628865979381444,0.028960817717206135,11.0,13.0,0.9608247422680413,0.028960817717206135,0.9608247422680413,0.028960817717206135,stron communication and computer sls. including a workina knowledge of,
Letter-of-Introduction-21_slice12.jpg,0.9608247422680413,0.028960817717206135,12.0,12.0,0.9628865979381444,0.028960817717206135,0.8927835051546392,0.028960817717206135,windows 90 and merasoft word. excel and access. | am a well organized,
Letter-of-Introduction-21_slice13.jpg,0.8927835051546392,0.028960817717206135,13.0,11.0,0.9608247422680413,0.028960817717206135,0.9608247422680413,0.027257240204429302,highly motivated indvidial ho enfos chalences in a work environment,
Letter-of-Introduction-21_slice14.jpg,0.9608247422680413,0.027257240204429302,14.0,10.0,0.8927835051546392,0.028960817717206135,0.9608247422680413,0.028960817717206135,i am an aclve patiopant in my area church as well as other local,
Letter-of-Introduction-21_slice15.jpg,0.9608247422680413,0.028960817717206135,15.0,9.0,0.9608247422680413,0.027257240204429302,0.9608247422680413,0.028960817717206135,i have been an active member in vouth bible stu cls and,
Letter-of-Introduction-21_slice16.jpg,0.9608247422680413,0.028960817717206135,16.0,8.0,0.9608247422680413,0.028960817717206135,0.9649484536082474,0.028960817717206135,the youth croup of the unted: methodist church in aucusta for sx vears,
Letter-of-Introduction-21_slice17.jpg,0.9649484536082474,0.028960817717206135,17.0,7.0,0.9608247422680413,0.028960817717206135,0.9628865979381444,0.028960817717206135,also. | have partcipated in two vouth mission ths to wark an the homes of,
Letter-of-Introduction-21_slice18.jpg,0.9628865979381444,0.028960817717206135,18.0,6.0,0.9649484536082474,0.028960817717206135,0.9628865979381444,0.027257240204429302,low-income residents. the mission tries reaure a ten morth commitment of,
Letter-of-Introduction-21_slice19.jpg,0.9628865979381444,0.027257240204429302,19.0,5.0,0.9628865979381444,0.028960817717206135,0.9628865979381444,0.028960817717206135,"fundraising, as well as the actual ten days of work. | am also a junr",
Letter-of-Introduction-21_slice20.jpg,0.9628865979381444,0.028960817717206135,20.0,4.0,0.9628865979381444,0.027257240204429302,0.5072164948453608,0.02385008517887564,firahter for our town. a member of the boy scouts. and a valuer for,
Letter-of-Introduction-21_slice21.jpg,0.5072164948453608,0.02385008517887564,21.0,3.0,0.9628865979381444,0.028960817717206135,0.9628865979381444,0.028960817717206135,varous school and communi tunclions,
Letter-of-Introduction-21_slice22.jpg,0.9628865979381444,0.028960817717206135,22.0,2.0,0.5072164948453608,0.02385008517887564,0.8639175257731959,0.028960817717206135,"after hich school araduatin, | nln to eam a dectee in computer techroloas",
Letter-of-Introduction-21_slice23.jpg,0.8639175257731959,0.028960817717206135,23.0,1.0,0.9628865979381444,0.028960817717206135,0.0,0.0,and enhance my skils by wotkina for a business inthe computer ld,
letter-of-justification-for-funding-sample_210-1_slice1.png,0.7384868421052632,0.1252371916508539,1.0,5.0,0.0,0.0,0.9457236842105263,0.24667931688804554,letter of justification for funding sample  re: justification for state park funding,
letter-of-justification-for-funding-sample_210-1_slice2.png,0.9457236842105263,0.24667931688804554,2.0,4.0,0.7384868421052632,0.1252371916508539,0.9720394736842105,0.1461100569259962,"dear mr. kenyon,  i am writing to ask for your consideration about granting the department of agriculture $2 millon for a mult-year contract with the wikdife trust, to assume the role of maintaining the natural widlife balance within our state parks. according to information already provided there are funds available for the first year of tis proposal.",
letter-of-justification-for-funding-sample_210-1_slice3.png,0.9720394736842105,0.1461100569259962,3.0,3.0,0.9457236842105263,0.24667931688804554,0.8618421052631579,0.04364326375711575,"as you are aware, maintaining state parks is one of our governmental remits, and the wildife trust has already been used successfully in texas and arizona, and offers a considerable saving over our current provider. with a tough defict to reign in i feel this would be a sound decision",
letter-of-justification-for-funding-sample_210-1_slice4.png,0.8618421052631579,0.04364326375711575,4.0,2.0,0.9720394736842105,0.1461100569259962,0.11842105263157894,0.03415559772296015,i further information is required please call my office on (505) 142-8558,
letter-of-justification-for-funding-sample_210-1_slice5.png,0.11842105263157894,0.03415559772296015,5.0,1.0,0.8618421052631579,0.04364326375711575,0.0,0.0,"sincerely,",
letter-of-promotion-to-employee-sample_268-0_slice1.png,0.7323481116584565,0.23091603053435114,1.0,5.0,0.0,0.0,0.9720853858784894,0.1450381679389313,"letter of promotion to employee sample  emily r. morgan  2189 sycamore circle dallas, tx 75201",
letter-of-promotion-to-employee-sample_268-0_slice2.png,0.9720853858784894,0.1450381679389313,2.0,4.0,0.7323481116584565,0.23091603053435114,0.9540229885057471,0.08206106870229007,"dear miss. morgan,  we are very pleased to inform you that you have been selected for the position of executive vice president of sales at teldar paper",
letter-of-promotion-to-employee-sample_268-0_slice3.png,0.9540229885057471,0.08206106870229007,3.0,3.0,0.9720853858784894,0.1450381679389313,0.9556650246305419,0.1183206106870229,"if you accept this new position, you will receive a salary of $104,323 per annum plus full heath card coverage for yourself and 50% for your spouse.",
letter-of-promotion-to-employee-sample_268-0_slice4.png,0.9556650246305419,0.1183206106870229,4.0,2.0,0.9540229885057471,0.08206106870229007,0.7602627257799671,0.04198473282442748,"your new responsibilities at this job will include managing the sales staff in zone 9, compiling and analyzing all relevant sales information from your sales associates. and reporting your findings once per month to the board of directors",
letter-of-promotion-to-employee-sample_268-0_slice5.png,0.7602627257799671,0.04198473282442748,5.0,1.0,0.9556650246305419,0.1183206106870229,0.0,0.0,let us know as soon as possible if you accept this new position,
Letter-of-Recommendation-for-Admission_slice1.jpg,0.9118852459016393,0.034545454545454546,1.0,8.0,0.0,0.0,0.4036885245901639,0.08,sample letter of recommendation for admission,
Letter-of-Recommendation-for-Admission_slice2.jpg,0.4036885245901639,0.08,2.0,7.0,0.9118852459016393,0.034545454545454546,0.9569672131147541,0.08,"mounties comment amesors""erecuive mda 100 famernnts gener, ste cota wolli onine",
Letter-of-Recommendation-for-Admission_slice3.jpg,0.9569672131147541,0.08,3.0,6.0,0.4036885245901639,0.08,0.9631147540983607,0.07272727272727272,"fam ring to toin to recommend lit bash for cinision nto the unversty of owe's exeastve mba program. 1 ave inoue lit for 15 yeas, and he has worked for me d malin meslato i anon wil t rse sors",
Letter-of-Recommendation-for-Admission_slice4.jpg,0.9631147540983607,0.07272727272727272,4.0,5.0,0.9569672131147541,0.08,0.9364754098360656,0.15454545454545454,tatould go what saying that and he is a remariatie markting talent wih an eye or nat roving hi tradtional users but also senting out nto,
Letter-of-Recommendation-for-Admission_slice5.jpg,0.9364754098360656,0.15454545454545454,5.0,4.0,0.9631147540983607,0.07272727272727272,0.9549180327868853,0.12363636363636364,"let ha alays taken his role seul and s passionate about his esults beyond his passion on drving performance, lit a rtiral leader. and as hart for hs belets he at hs best in a group envorment and s conscoay prost at geting il  a llothr team mermbersto dere te bes rests posse, e ha a very etetve personal sje, and wil b loked t fo continued exeaitve eadershin dv ato",
Letter-of-Recommendation-for-Admission_slice6.jpg,0.9549180327868853,0.12363636363636364,6.0,3.0,0.9364754098360656,0.15454545454545454,0.7274590163934426,0.02727272727272727,"ihave he deepest nersorl and professinal respect for let, and sincerely bale he wi bing hs uniase enemy, oni, nasir, and ress erea to your clase and dessmom. he has my iahest endorsement. f you have ary avesion about tis rcermmendation or my erdrsement ot lait lease do rt hestate to contact me and |",
Letter-of-Recommendation-for-Admission_slice7.jpg,0.7274590163934426,0.02727272727272727,7.0,2.0,0.9549180327868853,0.12363636363636364,0.29098360655737704,0.016363636363636365,rnd rants and best wishes fora siccesfu execitive mw css,
Letter-of-Recommendation-for-Admission_slice8.jpg,0.29098360655737704,0.016363636363636365,8.0,1.0,0.7274590163934426,0.02727272727272727,0.0,0.0,,
letter-of-support-example_slice1.jpg,0.12869565217391304,0.03309692671394799,1.0,9.0,0.0,0.0,0.13217391304347825,0.03546099290780142,39 jine 200,
letter-of-support-example_slice2.jpg,0.13217391304347825,0.03546099290780142,2.0,8.0,0.12869565217391304,0.03309692671394799,0.17565217391304347,0.037825059101654845,raleshsimna,
letter-of-support-example_slice3.jpg,0.17565217391304347,0.037825059101654845,3.0,7.0,0.13217391304347825,0.03546099290780142,0.10434782608695652,0.030732860520094562,123 gandhi marg,
letter-of-support-example_slice4.jpg,0.10434782608695652,0.030732860520094562,4.0,6.0,0.17565217391304347,0.037825059101654845,0.21739130434782608,0.04018912529550828,newbely,
letter-of-support-example_slice5.jpg,0.21739130434782608,0.04018912529550828,5.0,5.0,0.10434782608695652,0.030732860520094562,0.9739130434782609,0.2364066193853428,dear lt rales sinha,
letter-of-support-example_slice6.jpg,0.9739130434782609,0.2364066193853428,6.0,4.0,0.21739130434782608,0.04018912529550828,0.08,0.02364066193853428,fam is fete to hank you fo your timely su porting th me ofcis's were! was ina ramshackte. appreciate youraupportandouldance which was realy needed  my itewasi a hopeless tuaton where receive no hels andt was so unt! yourtmely support artved your tmely suppor was crcl and as made a dfference in my hen hopeless ie was my ray athope your guidance and enormous ust placed in me and my aks as paved me the path o,
letter-of-support-example_slice7.jpg,0.08,0.02364066193853428,7.0,3.0,0.9739130434782609,0.2364066193853428,0.9426086956521739,0.13947990543735225,,
letter-of-support-example_slice8.jpg,0.9426086956521739,0.13947990543735225,8.0,2.0,0.08,0.02364066193853428,0.18782608695652173,0.08274231678486997,also thi inthe fst ime you have offered helo you have aways shown your compassion and care towards me i would neverforgethe good done ty you in my ite iwould keto thankyou again foryour help wit a feeling of gratude,
letter-of-support-example_slice9.jpg,0.18782608695652173,0.08274231678486997,9.0,1.0,0.9426086956521739,0.13947990543735225,0.0,0.0,"wihvarmregarts, sabnderenn",
PA-SCHOOL-Letter-of-Reference-2-The-Physician-Assistant-Life_slice1.jpg,0.9903846153846154,0.01609657947686117,1.0,7.0,0.0,0.0,0.7184065934065934,0.02414486921529175,innvileltccon,
PA-SCHOOL-Letter-of-Reference-2-The-Physician-Assistant-Life_slice2.jpg,0.7184065934065934,0.02414486921529175,2.0,6.0,0.9903846153846154,0.01609657947686117,0.3159340659340659,0.02112676056338028,university of washington,
PA-SCHOOL-Letter-of-Reference-2-The-Physician-Assistant-Life_slice3.jpg,0.3159340659340659,0.02112676056338028,3.0,5.0,0.7184065934065934,0.02414486921529175,0.4175824175824176,0.02112676056338028,"september 1, 2000",
PA-SCHOOL-Letter-of-Reference-2-The-Physician-Assistant-Life_slice4.jpg,0.4175824175824176,0.02112676056338028,4.0,4.0,0.3159340659340659,0.02112676056338028,0.9065934065934066,0.3299798792756539,re: - stephen jacob pasouin,
PA-SCHOOL-Letter-of-Reference-2-The-Physician-Assistant-Life_slice5.jpg,0.9065934065934066,0.3299798792756539,5.0,3.0,0.4175824175824176,0.02112676056338028,0.5178571428571429,0.18209255533199195,"to whont it may concern;  stephen pasquini graduated from the university of wshinglon, september 1999. stephen begon his employment t hall health primary care centr april9, 1996.  stephen is un enthusiastic, conscientious and youl aiented employee with an interest in . medical carr. he began here in our medical records department, a confidential rea which requires answering multiple tlephone lines alphabetiing chants, ab reports and the abiliy to work independently evening hours when most clinic areas were closed  during the wiiter quarter of 1998 he began working as a l aborstory assistant in the hall health center laborntory. stephen oriented quickly. he became familiar with tubes and specimen handling requirements. he also became proficient in leaning blood drawing techniques. he i also willing to eam and help out wherever needed. he hasa calm. confident denneanor and is respecifu t clients and healthcare saft.  itis a plessure to recommend stsphen pasquini to you. if you need further information please contact me at (206) 616-2498.",
PA-SCHOOL-Letter-of-Reference-2-The-Physician-Assistant-Life_slice6.jpg,0.5178571428571429,0.18209255533199195,6.0,2.0,0.9065934065934066,0.3299798792756539,0.6098901098901099,0.01609657947686117,"sincerly,  40 poas  renester a. fields coontinztor, student & volunteer services hall health primary care conter, 384410 university of washington  seatle, wa 98195",
PA-SCHOOL-Letter-of-Reference-2-The-Physician-Assistant-Life_slice7.jpg,0.6098901098901099,0.01609657947686117,7.0,1.0,0.5178571428571429,0.18209255533199195,0.0,0.0,soa i,
Sample-Application-Letter-by-Fresher_slice1.jpg,0.35144927536231885,0.03529411764705882,1.0,11.0,0.0,0.0,0.1503623188405797,0.030252100840336135,application letter by fresher,
Sample-Application-Letter-by-Fresher_slice2.jpg,0.1503623188405797,0.030252100840336135,2.0,10.0,0.35144927536231885,0.03529411764705882,0.15760869565217392,0.030252100840336135,"august?, 2010",
Sample-Application-Letter-by-Fresher_slice3.jpg,0.15760869565217392,0.030252100840336135,3.0,9.0,0.1503623188405797,0.030252100840336135,0.15760869565217392,0.02857142857142857,mr c.,
Sample-Application-Letter-by-Fresher_slice4.jpg,0.15760869565217392,0.02857142857142857,4.0,8.0,0.15760869565217392,0.030252100840336135,0.19746376811594202,0.031932773109243695,hindustan tines,
Sample-Application-Letter-by-Fresher_slice5.jpg,0.19746376811594202,0.031932773109243695,5.0,7.0,0.15760869565217392,0.02857142857142857,0.1068840579710145,0.02689075630252101,100. anbur steet,
Sample-Application-Letter-by-Fresher_slice6.jpg,0.1068840579710145,0.02689075630252101,6.0,6.0,0.19746376811594202,0.031932773109243695,0.6884057971014492,0.03361344537815126,chennal-,
Sample-Application-Letter-by-Fresher_slice7.jpg,0.6884057971014492,0.03361344537815126,7.0,5.0,0.1068840579710145,0.02689075630252101,0.08514492753623189,0.02689075630252101,"ret: your avetisement in ine hingustan times cates aunust 1, 2010",
Sample-Application-Letter-by-Fresher_slice8.jpg,0.08514492753623189,0.02689075630252101,8.0,4.0,0.6884057971014492,0.03361344537815126,0.9692028985507246,0.3596638655462185,ova se,
Sample-Application-Letter-by-Fresher_slice9.jpg,0.9692028985507246,0.3596638655462185,9.0,3.0,0.08514492753623189,0.02689075630252101,0.161231884057971,0.02857142857142857,"gong rough ne tires t: sunda, i came across your avertsement ring aoptcaton forthe post oft rice sub-edtors (reshers). ths was pst the job i wa looking for and1 wntoortermysettaso cancioe orina same  trove jst compiles y ma in engisn erature romine prestglous loyol calege and an pursuing a post gratate diploma in ournatsm rough corespondence. though lama fresher. have serveas tre sub eto and editor af my colege and school magazines respectvay, iw to baka a caree in ournaton ans ith hindustan tmes s te bes nevspaperto wor win  allmy educational and technica are dealed ina resume atached to his eter th testimonials rom a fer professors. look fomard tothe opportun of a personaliterview",
Sample-Application-Letter-by-Fresher_slice10.jpg,0.161231884057971,0.02857142857142857,10.0,2.0,0.9692028985507246,0.3596638655462185,0.1721014492753623,0.030252100840336135,yours sincere,
Sample-Application-Letter-by-Fresher_slice11.jpg,0.1721014492753623,0.030252100840336135,11.0,1.0,0.161231884057971,0.02857142857142857,0.0,0.0,farin grgnaron,
Sample-Application-Letter-for-Referral_slice1.jpg,0.35571687840290384,0.03608247422680412,1.0,11.0,0.0,0.0,0.15063520871143377,0.03264604810996564,application letter for referral,
Sample-Application-Letter-for-Referral_slice2.jpg,0.15063520871143377,0.03264604810996564,2.0,10.0,0.35571687840290384,0.03608247422680412,0.15970961887477314,0.030927835051546393,"august, 200",
Sample-Application-Letter-for-Referral_slice3.jpg,0.15970961887477314,0.030927835051546393,3.0,9.0,0.15063520871143377,0.03264604810996564,0.33030852994555354,0.09450171821305842,mr i,
Sample-Application-Letter-for-Referral_slice4.jpg,0.33030852994555354,0.09450171821305842,4.0,8.0,0.15970961887477314,0.030927835051546393,0.08348457350272233,0.029209621993127148,sivan enterprises rate lites  toro anoatu,
Sample-Application-Letter-for-Referral_slice5.jpg,0.08348457350272233,0.029209621993127148,5.0,7.0,0.33030852994555354,0.09450171821305842,0.7404718693284936,0.03436426116838488,chem,
Sample-Application-Letter-for-Referral_slice6.jpg,0.7404718693284936,0.03436426116838488,6.0,6.0,0.08348457350272233,0.029209621993127148,0.08711433756805807,0.029209621993127148,ret: gopaian (worked as your persona secreliy 1996-2009),
Sample-Application-Letter-for-Referral_slice7.jpg,0.08711433756805807,0.029209621993127148,7.0,5.0,0.7404718693284936,0.03436426116838488,0.9473684210526315,0.06872852233676977,dear,
Sample-Application-Letter-for-Referral_slice8.jpg,0.9473684210526315,0.06872852233676977,8.0,4.0,0.08711433756805807,0.029209621993127148,0.969147005444646,0.23711340206185566,"harsh to appy or the posto persona secrrayin tne kch sank. along wih oinercocuments, thay have requested fr testmonials. woul be grtefilto you f you wit seue a later of referal",
Sample-Application-Letter-for-Referral_slice9.jpg,0.969147005444646,0.23711340206185566,9.0,3.0,0.9473684210526315,0.06872852233676977,0.16152450090744103,0.030927835051546393,the joo n svan enerpnises was my frt employment and i was you ino equine me weh at ne expertise bat i have non. i beleve i have been honest and sincere in my work wih you and that yourave avays been satstea. iristat youare the one who knows the test avout my warung expabiy as i have been your persona secrelay fore years in the past go  wehthat youl be my fest rete hope yout say a tat you can in ny fovour  ini aways be rememer wh aitote my ays or ans engioyment win you,
Sample-Application-Letter-for-Referral_slice10.jpg,0.16152450090744103,0.030927835051546393,10.0,2.0,0.969147005444646,0.23711340206185566,0.21052631578947367,0.030927835051546393,yours sincerely,
Sample-Application-Letter-for-Referral_slice11.jpg,0.21052631578947367,0.030927835051546393,11.0,1.0,0.16152450090744103,0.030927835051546393,0.0,0.0,ravsnariar gopalar,
Sample-Complaint-Letter-to-Landlord_slice1.jpg,0.28270042194092826,0.030737704918032786,1.0,12.0,0.0,0.0,0.12236286919831224,0.022540983606557378,unt newman pate,
Sample-Complaint-Letter-to-Landlord_slice2.jpg,0.12236286919831224,0.022540983606557378,2.0,11.0,0.28270042194092826,0.030737704918032786,0.20675105485232068,0.06557377049180328,damn,
Sample-Complaint-Letter-to-Landlord_slice3.jpg,0.20675105485232068,0.06557377049180328,3.0,10.0,0.12236286919831224,0.022540983606557378,0.18565400843881857,0.02663934426229508,lewen were mo dearmiect0 200,
Sample-Complaint-Letter-to-Landlord_slice4.jpg,0.18565400843881857,0.02663934426229508,4.0,9.0,0.20675105485232068,0.06557377049180328,0.22573839662447256,0.028688524590163935,le jin eir,
Sample-Complaint-Letter-to-Landlord_slice5.jpg,0.22573839662447256,0.028688524590163935,5.0,8.0,0.18565400843881857,0.02663934426229508,0.12447257383966245,0.022540983606557378,nevin rowinans,
Sample-Complaint-Letter-to-Landlord_slice6.jpg,0.12447257383966245,0.022540983606557378,6.0,7.0,0.22573839662447256,0.028688524590163935,0.270042194092827,0.06762295081967214,,
Sample-Complaint-Letter-to-Landlord_slice7.jpg,0.270042194092827,0.06762295081967214,7.0,6.0,0.12447257383966245,0.022540983606557378,0.189873417721519,0.02663934426229508,lowden were mt ft nani mi aint,
Sample-Complaint-Letter-to-Landlord_slice8.jpg,0.189873417721519,0.02663934426229508,8.0,5.0,0.270042194092827,0.06762295081967214,0.9641350210970464,0.14754098360655737,dew i netra,
Sample-Complaint-Letter-to-Landlord_slice9.jpg,0.9641350210970464,0.14754098360655737,9.0,4.0,0.189873417721519,0.02663934426229508,0.9472573839662447,0.1864754098360656,le ths eter seve asa venn conolne mgurdag te read wale sal i te ve a retng th ross sialdabove. water is onl annal tom 1000 n he mnogo 300 te atencon the moti hm penistag a one nets at our crmianivera  msui nndet,
Sample-Complaint-Letter-to-Landlord_slice10.jpg,0.9472573839662447,0.1864754098360656,10.0,3.0,0.9641350210970464,0.14754098360655737,0.0949367088607595,0.014344262295081968,a aamier has che the caine oth rilem n as deta t a fry naming sys ths afete ver sunni thon fors ott uing hsu hovevec inthe cout rot s woting on t who nt sd nen wach weet be movie we resist oo ave atenio ths connian som os iti ateady tect agour shetues we bot fivard yor,
Sample-Complaint-Letter-to-Landlord_slice11.jpg,0.0949367088607595,0.014344262295081968,11.0,2.0,0.9472573839662447,0.1864754098360656,0.1877637130801688,0.028688524590163935,,
Sample-Complaint-Letter-to-Landlord_slice12.jpg,0.1877637130801688,0.028688524590163935,12.0,1.0,0.0949367088607595,0.014344262295081968,0.0,0.0,he p snowden,
Sample-Letter-for-Job-Transfer-For-Employee-Free-Download-min_slice1.jpg,0.43097014925373134,0.042986425339366516,1.0,9.0,0.0,0.0,0.17723880597014927,0.038461538461538464,sample lote for ob tenner for,
Sample-Letter-for-Job-Transfer-For-Employee-Free-Download-min_slice2.jpg,0.17723880597014927,0.038461538461538464,2.0,8.0,0.43097014925373134,0.042986425339366516,0.15858208955223882,0.07918552036199095,he state mma,
Sample-Letter-for-Job-Transfer-For-Employee-Free-Download-min_slice3.jpg,0.15858208955223882,0.07918552036199095,3.0,7.0,0.17723880597014927,0.038461538461538464,0.2798507462686567,0.04072398190045249,hr mcg: sit,
Sample-Letter-for-Job-Transfer-For-Employee-Free-Download-min_slice4.jpg,0.2798507462686567,0.04072398190045249,4.0,6.0,0.15858208955223882,0.07918552036199095,0.8805970149253731,0.1244343891402715,sunect lete to o tenstr,
Sample-Letter-for-Job-Transfer-For-Employee-Free-Download-min_slice5.jpg,0.8805970149253731,0.1244343891402715,5.0,5.0,0.2798507462686567,0.04072398190045249,0.8805970149253731,0.12669683257918551,ge shai ntr to forn yout at wa o rsme asoceten s vering wi gre vins i ater rng mesos asyasere nere t n have ened a newer o abm is homi e n e t hclev wetconmten ne beween,
Sample-Letter-for-Job-Transfer-For-Employee-Free-Download-min_slice6.jpg,0.8805970149253731,0.12669683257918551,6.0,4.0,0.8805970149253731,0.1244343891402715,0.5541044776119403,0.04072398190045249,we ae pleased t form nt mmnagerient ts o aht you n a ten on heeg tou nit b movided wit ems tenets y tie we conan. tat you wl ie mult ot not nth sos,
Sample-Letter-for-Job-Transfer-For-Employee-Free-Download-min_slice7.jpg,0.5541044776119403,0.04072398190045249,7.0,3.0,0.8805970149253731,0.12669683257918551,0.08582089552238806,0.07692307692307693,we eve bat yd poe w be be bst mut at r chice,
Sample-Letter-for-Job-Transfer-For-Employee-Free-Download-min_slice8.jpg,0.08582089552238806,0.07692307692307693,8.0,2.0,0.5541044776119403,0.04072398190045249,0.15485074626865672,0.038461538461538464,,
Sample-Letter-for-Job-Transfer-For-Employee-Free-Download-min_slice9.jpg,0.15485074626865672,0.038461538461538464,9.0,1.0,0.08582089552238806,0.07692307692307693,0.0,0.0,asm,
sample-letter-of-adjustment_381-0_slice1.png,0.507563025210084,0.059602649006622516,1.0,9.0,0.0,0.0,0.19663865546218487,0.033112582781456956,sample letter of adjustment,
sample-letter-of-adjustment_381-0_slice2.png,0.19663865546218487,0.033112582781456956,2.0,8.0,0.507563025210084,0.059602649006622516,0.23361344537815126,0.07947019867549669,noe 5: johnson,
sample-letter-of-adjustment_381-0_slice3.png,0.23361344537815126,0.07947019867549669,3.0,7.0,0.19663865546218487,0.033112582781456956,0.12605042016806722,0.02869757174392936,"606 stratford drive lihue, hi 96786",
sample-letter-of-adjustment_381-0_slice4.png,0.12605042016806722,0.02869757174392936,4.0,6.0,0.23361344537815126,0.07947019867549669,0.9714285714285714,0.12362030905077263,hear nos:,
sample-letter-of-adjustment_381-0_slice5.png,0.9714285714285714,0.12362030905077263,5.0,5.0,0.12605042016806722,0.02869757174392936,0.9697478991596639,0.15673289183222958,"i ance again want to apologize for the mistake we made in shipping you the wrong bicycle. we take order fullliment very seriously, and are investigating the cause of this incident",
sample-letter-of-adjustment_381-0_slice6.png,0.9697478991596639,0.15673289183222958,6.0,4.0,0.9714285714285714,0.12362030905077263,0.907563025210084,0.07505518763796909,"in the mean time, we wish to send you the bicycle you ordered, along with a prepaid voucher to send back the incorrect bike. as a token of our appreciation, we also want to include a $100 gift voucher that can be used at any product in  our store",
sample-letter-of-adjustment_381-0_slice7.png,0.907563025210084,0.07505518763796909,7.0,3.0,0.9697478991596639,0.15673289183222958,0.08739495798319327,0.019867549668874173,"again, we hope you accept our apologies and the corrections to the above mictaket",
sample-letter-of-adjustment_381-0_slice8.png,0.08739495798319327,0.019867549668874173,8.0,2.0,0.907563025210084,0.07505518763796909,0.12773109243697478,0.03090507726269316,,
sample-letter-of-adjustment_381-0_slice9.png,0.12773109243697478,0.03090507726269316,9.0,1.0,0.08739495798319327,0.019867549668874173,0.0,0.0,alls bites,
sample-letter-of-administration_65-1_slice1.png,0.5676567656765676,0.0681198910081744,1.0,7.0,0.0,0.0,0.12376237623762376,0.01907356948228883,sample letter of administration,
sample-letter-of-administration_65-1_slice2.png,0.12376237623762376,0.01907356948228883,2.0,6.0,0.5676567656765676,0.0681198910081744,0.971947194719472,0.1553133514986376,,
sample-letter-of-administration_65-1_slice3.png,0.971947194719472,0.1553133514986376,3.0,5.0,0.12376237623762376,0.01907356948228883,0.971947194719472,0.10354223433242507,"in lieu of your grandfather mr. barker's refusal to carry out the duty of executor of your grandmother harriett barker's wil, we confirm that you are now granted administrative duties over the estate and assets",
sample-letter-of-administration_65-1_slice4.png,0.971947194719472,0.10354223433242507,4.0,4.0,0.971947194719472,0.1553133514986376,0.9092409240924092,0.051771117166212535,"your acceptance creates a legal obligation, making you responsible for executing your grandmother's wishes as set out in her will including dividing all assets",
sample-letter-of-administration_65-1_slice5.png,0.9092409240924092,0.051771117166212535,5.0,3.0,0.971947194719472,0.10354223433242507,0.9554455445544554,0.051771117166212535,failure to fullll this obligation may be subjected to penalties under state law,
sample-letter-of-administration_65-1_slice6.png,0.9554455445544554,0.051771117166212535,6.0,2.0,0.9092409240924092,0.051771117166212535,0.9207920792079208,0.19618528610354224,if you no longer wish to accept this responsibilty please contact us immediately,
sample-letter-of-administration_65-1_slice7.png,0.9207920792079208,0.19618528610354224,7.0,1.0,0.9554455445544554,0.051771117166212535,0.0,0.0,"you will be free to carry out your administrative duties after we receive a final confirmation  yours sincerely,  balby and sons",
Sample-Letter-of-Introduction_slice1.jpg,0.17012448132780084,0.027600849256900213,1.0,15.0,0.0,0.0,0.27385892116182575,0.03397027600849257,this anerton,
Sample-Letter-of-Introduction_slice2.jpg,0.27385892116182575,0.03397027600849257,2.0,14.0,0.17012448132780084,0.027600849256900213,0.21369294605809128,0.029723991507430998,lfesble décor industy,
Sample-Letter-of-Introduction_slice3.jpg,0.21369294605809128,0.029723991507430998,3.0,13.0,0.27385892116182575,0.03397027600849257,0.12448132780082988,0.01910828025477707,new tzev,
Sample-Letter-of-Introduction_slice4.jpg,0.12448132780082988,0.01910828025477707,4.0,12.0,0.21369294605809128,0.029723991507430998,0.9647302904564315,0.03821656050955414,,
Sample-Letter-of-Introduction_slice5.jpg,0.9647302904564315,0.03821656050955414,5.0,11.0,0.12448132780082988,0.01910828025477707,0.9605809128630706,0.08067940552016985,this is to inform you thati have had a sample atached wih this ater for your,
Sample-Letter-of-Introduction_slice6.jpg,0.9605809128630706,0.08067940552016985,6.0,10.0,0.9647302904564315,0.03821656050955414,0.9605809128630706,0.03821656050955414,"considerainfor many of yu prod ts witch reare ec fhendly nd nonoisonous materal. since your clentele includes many kid, our materal wil deftly be a",
Sample-Letter-of-Introduction_slice7.jpg,0.9605809128630706,0.03821656050955414,7.0,9.0,0.9605809128630706,0.08067940552016985,0.9605809128630706,0.08067940552016985,"postive umaroundforyour business as anole. l therefore, woul ike you to ake a",
Sample-Letter-of-Introduction_slice8.jpg,0.9605809128630706,0.08067940552016985,8.0,8.0,0.9605809128630706,0.03821656050955414,0.4979253112033195,0.03821656050955414,note oft and also do some research fr furher doubt clearance if ny. our ample nastested al pos ale re eauls clearance romrespectve authors and also has,
Sample-Letter-of-Introduction_slice9.jpg,0.4979253112033195,0.03821656050955414,9.0,7.0,0.9605809128630706,0.08067940552016985,0.9626556016597511,0.03821656050955414,bee recommended by kids safety society,
Sample-Letter-of-Introduction_slice10.jpg,0.9626556016597511,0.03821656050955414,10.0,6.0,0.4979253112033195,0.03821656050955414,0.9605809128630706,0.03821656050955414,this is o your that nowe     days many big industies are ining to take,
Sample-Letter-of-Introduction_slice11.jpg,0.9605809128630706,0.03821656050955414,11.0,5.0,0.9626556016597511,0.03821656050955414,0.9626556016597511,0.08067940552016985,advantage of tis method to ust tir business and generale greater profls you,
Sample-Letter-of-Introduction_slice12.jpg,0.9626556016597511,0.08067940552016985,12.0,4.0,0.9605809128630706,0.03821656050955414,0.8402489626556017,0.03821656050955414,even need note bothered abouts cost whichis vey much ess coms ared to normal materaling used. fo anytyoe of quedes i am avalalefor yout help an tagetner,
Sample-Letter-of-Introduction_slice13.jpg,0.8402489626556017,0.03821656050955414,13.0,3.0,0.9626556016597511,0.08067940552016985,0.13070539419087138,0.01910828025477707,wil make posaity to have a beter hroudh is new ventire,
Sample-Letter-of-Introduction_slice14.jpg,0.13070539419087138,0.01910828025477707,14.0,2.0,0.8402489626556017,0.03821656050955414,0.17842323651452283,0.027600849256900213,,
Sample-Letter-of-Introduction_slice15.jpg,0.17842323651452283,0.027600849256900213,15.0,1.0,0.13070539419087138,0.01910828025477707,0.0,0.0,levis hamor,
Sample-Letter-of-Recommendation2_slice1.jpg,0.17721518987341772,0.02356020942408377,1.0,10.0,0.0,0.0,0.9620253164556962,0.04450261780104712,,
Sample-Letter-of-Recommendation2_slice2.jpg,0.9620253164556962,0.04450261780104712,2.0,9.0,0.17721518987341772,0.02356020942408377,0.9620253164556962,0.09162303664921466,i s my siemie to meennend the fazil goup to you mr untend an 1 eceny,
Sample-Letter-of-Recommendation2_slice3.jpg,0.9620253164556962,0.09162303664921466,3.0,8.0,0.9620253164556962,0.04450261780104712,0.5970464135021097,0.041884816753926704,"paramed our lean hone n pan harta: cir agent, dana dala, movie in wan excet seve troup e entre races a molssonnt sie tend to un",
Sample-Letter-of-Recommendation2_slice4.jpg,0.5970464135021097,0.041884816753926704,4.0,7.0,0.9620253164556962,0.09162303664921466,0.9620253164556962,0.09162303664921466,yan inated ater and and in,
Sample-Letter-of-Recommendation2_slice5.jpg,0.9620253164556962,0.09162303664921466,5.0,6.0,0.5970464135021097,0.041884816753926704,0.9620253164556962,0.09162303664921466,we vated a namber of moots ban vely and hn pean and deon eftcnt arande vie to cu inte ste atweda never t potent andwe an,
Sample-Letter-of-Recommendation2_slice6.jpg,0.9620253164556962,0.09162303664921466,6.0,5.0,0.9620253164556962,0.09162303664921466,0.9620253164556962,0.09162303664921466,"ve eased win e whn ve comraced deoma was reson i ir reat. addgesed mies, and legt us abenst of rocesses and pogess tough ching. he",
Sample-Letter-of-Recommendation2_slice7.jpg,0.9620253164556962,0.09162303664921466,7.0,4.0,0.9620253164556962,0.09162303664921466,0.3628691983122363,0.034031413612565446,"ave mare ami, vas ato extenecy blu in gud in though rete moeniatc and desuneamion lhe denn, ame. mari ako onended her cam and",
Sample-Letter-of-Recommendation2_slice8.jpg,0.3628691983122363,0.034031413612565446,8.0,3.0,0.9620253164556962,0.09162303664921466,0.9620253164556962,0.09162303664921466,prdestona expe wid,
Sample-Letter-of-Recommendation2_slice9.jpg,0.9620253164556962,0.09162303664921466,9.0,2.0,0.3628691983122363,0.034031413612565446,0.25316455696202533,0.028795811518324606,we an gnich to the fazil goun fr ter expaie and gonine fter n hing in fad ant artose our dean home. we wah you te sane quad atime wah your ame,
Sample-Letter-of-Recommendation2_slice10.jpg,0.25316455696202533,0.028795811518324606,10.0,1.0,0.9620253164556962,0.09162303664921466,0.0,0.0,amet,
Sample-Warning-Letter_slice1.jpg,0.14689265536723164,0.02835538752362949,1.0,11.0,0.0,0.0,0.2900188323917137,0.034026465028355386,jornwesson,
Sample-Warning-Letter_slice2.jpg,0.2900188323917137,0.034026465028355386,2.0,10.0,0.14689265536723164,0.02835538752362949,0.1111111111111111,0.024574669187145556,manager sales department,
Sample-Warning-Letter_slice3.jpg,0.1111111111111111,0.024574669187145556,3.0,9.0,0.2900188323917137,0.034026465028355386,0.22033898305084745,0.03213610586011342,gat ites,
Sample-Warning-Letter_slice4.jpg,0.22033898305084745,0.03213610586011342,4.0,8.0,0.1111111111111111,0.024574669187145556,0.05649717514124294,0.017013232514177693,31 avene newyork,
Sample-Warning-Letter_slice5.jpg,0.05649717514124294,0.017013232514177693,5.0,7.0,0.22033898305084745,0.03213610586011342,0.6591337099811676,0.0888468809073724,,
Sample-Warning-Letter_slice6.jpg,0.6591337099811676,0.0888468809073724,6.0,6.0,0.05649717514124294,0.017013232514177693,0.967984934086629,0.27599243856332706,sublet waring alnst indecency and inappropriate behaviour,
Sample-Warning-Letter_slice7.jpg,0.967984934086629,0.27599243856332706,7.0,5.0,0.6591337099811676,0.0888468809073724,0.1393596986817326,0.030245746691871456,"this lete serves as a writen warning fora veral altercation that ecurred beeen you and tts domne rlenards ast evening at about 5 o'doc in your department when ms rchards was lae in binging th tina eport f he evening you used indecent language towards he and behaved unprofesionaly wi her infront f other employees  we have received a complaint from ms richards and aked o oter winesses who were present during tre aercaton, you have been in a simlar stuaton before too where you vervaly abused a secretary in ths company, we do not felerte auch behaviour by our  employees and you are beng formally warmed tnt should such behaviour continue, stic acton willbe taken againstyou",
Sample-Warning-Letter_slice8.jpg,0.1393596986817326,0.030245746691871456,8.0,4.0,0.967984934086629,0.27599243856332706,0.1167608286252354,0.026465028355387523,wit regards,
Sample-Warning-Letter_slice9.jpg,0.1167608286252354,0.026465028355387523,9.0,3.0,0.1393596986817326,0.030245746691871456,0.1374764595103578,0.030245746691871456,your wi,
Sample-Warning-Letter_slice10.jpg,0.1374764595103578,0.030245746691871456,10.0,2.0,0.1167608286252354,0.026465028355387523,0.22598870056497175,0.03213610586011342,kate jackson,
Sample-Warning-Letter_slice11.jpg,0.22598870056497175,0.03213610586011342,11.0,1.0,0.1374764595103578,0.030245746691871456,0.0,0.0,head hr department,
veterans-day-sample-letter-2013-2-638_slice1.jpg,0.13385826771653545,0.02857142857142857,1.0,9.0,0.0,0.0,0.12992125984251968,0.02857142857142857,notion,
veterans-day-sample-letter-2013-2-638_slice2.jpg,0.12992125984251968,0.02857142857142857,2.0,8.0,0.13385826771653545,0.02857142857142857,0.8622047244094488,0.04415584415584416,iwan,
veterans-day-sample-letter-2013-2-638_slice3.jpg,0.8622047244094488,0.04415584415584416,3.0,7.0,0.12992125984251968,0.02857142857142857,0.9665354330708661,0.16883116883116883,dais an noorint dar for amercan. e may pastores n vchour,
veterans-day-sample-letter-2013-2-638_slice4.jpg,0.9665354330708661,0.16883116883116883,4.0,6.0,0.8622047244094488,0.04415584415584416,0.9645669291338582,0.08831168831168831,"sors hve foalt brawl and with orto fod on redone. mayo is now onmof the soerse toda ha ircude ash memard women. today's ros re fst nea var onterror and e vavrnts beter them, male perional sette for ue all novevinoncanbea saite. ettesa sods une i maire",
veterans-day-sample-letter-2013-2-638_slice5.jpg,0.9645669291338582,0.08831168831168831,5.0,5.0,0.9665354330708661,0.16883116883116883,0.9625984251968503,0.16883116883116883,nth vewars du 2013 the midds scolitaint a seneca maile schol wit t thal you baen same income l i oe aoi mt it mel tree ome,
veterans-day-sample-letter-2013-2-638_slice6.jpg,0.9625984251968503,0.16883116883116883,6.0,4.0,0.9645669291338582,0.08831168831168831,0.5885826771653543,0.04415584415584416,thas thaw vile da be ane pease anong raton. mitoy has ston u thas tre re bean and sean to neni periansour make ference oyu dt wehame tolecnrowet th feedans tat r anonmous wit ourdemacnoy and hoitthe ione a aw ae seran me etw.,
veterans-day-sample-letter-2013-2-638_slice7.jpg,0.5885826771653543,0.04415584415584416,7.0,3.0,0.9625984251968503,0.16883116883116883,0.08661417322834646,0.01818181818181818,traniyouforyeur sevice nou amed boras. weraize s,
veterans-day-sample-letter-2013-2-638_slice8.jpg,0.08661417322834646,0.01818181818181818,8.0,2.0,0.5885826771653543,0.04415584415584416,0.08858267716535433,0.01818181818181818,,
veterans-day-sample-letter-2013-2-638_slice9.jpg,0.08858267716535433,0.01818181818181818,9.0,1.0,0.08661417322834646,0.01818181818181818,0.0,0.0,,
